http://lod.ifmo.ru/resource/Person104611 , Кустарев Павел Валерьевич , 6.16 , 
http://lod.ifmo.ru/resource/Person152985 , Петрова Ирина Анатольевна , 5.369 , 
http://lod.ifmo.ru/resource/Person100053 , Платунов Алексей Евгеньевич , 5.221 , 
http://lod.ifmo.ru/resource/Person197106 , Вяткин Валерий Владимирович , 3.8155 , 
http://lod.ifmo.ru/resource/Person189140 , Кабаров Владимир Иосифович , 3.7950000000000004 , 
http://lod.ifmo.ru/resource/Person190620 , Воронов Виктор Степанович , 3.617 , 
http://lod.ifmo.ru/resource/Person104982 , Федоров Борис Александрович , 3.4842 , 
http://lod.ifmo.ru/resource/Person189921 , Якимова Елена Геннадьевна , 3.272 , 
http://lod.ifmo.ru/resource/Person117150 , Музыченко Яна Борисовна , 3.1865 , 
http://lod.ifmo.ru/resource/Person127317 , Александров Евгений Борисович , 3.0675 , 
http://lod.ifmo.ru/resource/Person172416 , Фуртат Игорь Борисович , 2.994 , 
http://lod.ifmo.ru/resource/Person117124 , Блинова Ирина Владимировна , 2.97 , 
http://lod.ifmo.ru/resource/Person114214 , Асеев Владимир Анатольевич , 2.824 , 
http://lod.ifmo.ru/resource/Person114129 , Петров Андрей Анатольевич , 2.478333333333333 , 
http://lod.ifmo.ru/resource/Person189379 , Лебедева Елена Витальевна , 2.357666666666667 , 
http://lod.ifmo.ru/resource/Person188122 , Лебедев Александр Александрович , 2.276666666666667 , 
http://lod.ifmo.ru/resource/Person154205 , Соколова Елена Алексеевна , 2.206 , 
http://lod.ifmo.ru/resource/Person152982 , Овчинников Кирилл Алексеевич , 2.1302 , 
http://lod.ifmo.ru/resource/Person142780 , Назаров Юрий Витальевич , 2.0667142857142857 , 
http://lod.ifmo.ru/resource/Person178842 , Волошин Даниил Валентинович , 2.059 , 
http://lod.ifmo.ru/resource/Person138280 , Грачев Ярослав Владимирович , 2.0088888888888885 , 
http://lod.ifmo.ru/resource/Person175530 , Орлова Ольга Юрьевна , 1.9495 , 
http://lod.ifmo.ru/resource/Person142785 , Орлов Алексей Анатольевич , 1.8965 , 
http://lod.ifmo.ru/resource/Person141519 , Соломатин Алексей Юрьевич , 1.859 , 
http://lod.ifmo.ru/resource/Person115300 , Николаев Николай Анатольевич , 1.7905 , 
http://lod.ifmo.ru/resource/Person168461 , Николаев Владимир Иванович , 1.7905 , 
http://lod.ifmo.ru/resource/Person187941 , Петров Михаил Игоревич , 1.78075 , 
http://lod.ifmo.ru/resource/Person144769 , Сидоров Александр Иванович , 1.715 , 
http://lod.ifmo.ru/resource/Person132246 , Маслов Владимир Григорьевич , 1.653 , 
http://lod.ifmo.ru/resource/Person188221 , Гуртов Андрей Валерьевич , 1.6245294117647058 , 
http://lod.ifmo.ru/resource/Person145417 , Александров Антон Вячеславович , 1.604 , 
http://lod.ifmo.ru/resource/Person186305 , Чураков Илья Александрович , 1.595 , 
http://lod.ifmo.ru/resource/Person164389 , Жданов Дмитрий Дмитриевич , 1.5512000000000001 , 
http://lod.ifmo.ru/resource/Person146293 , Сорокина Марина Геннадьевна , 1.547 , 
http://lod.ifmo.ru/resource/Person179350 , Богод Владимир Михайлович , 1.547 , 
http://lod.ifmo.ru/resource/Person186147 , Попова Ольга Андреевна , 1.501 , 
http://lod.ifmo.ru/resource/Person181917 , Гущин Андрей Васильевич , 1.47 , 
http://lod.ifmo.ru/resource/Person185663 , Грудинкин Сергей Александрович , 1.4405714285714286 , 
http://lod.ifmo.ru/resource/Person185126 , Григорьев Леонид Владимирович , 1.374 , 
http://lod.ifmo.ru/resource/Person100007 , Григорьев Валерий Владимирович , 1.374 , 
http://lod.ifmo.ru/resource/Person153613 , Полякова Александра Валерьевна , 1.327 , 
http://lod.ifmo.ru/resource/Person148511 , Буздалова Арина Сергеевна , 1.326 , 
http://lod.ifmo.ru/resource/Person180517 , Петров Александр Юрьевич , 1.2647 , 
http://lod.ifmo.ru/resource/Person167349 , Крылов Василий Александрович , 1.2366666666666666 , 
http://lod.ifmo.ru/resource/Person100037 , Никифоров Владимир Олегович , 1.2324782608695652 , 
http://lod.ifmo.ru/resource/Person197946 , Юлин Алексей Викторович , 1.217 , 
http://lod.ifmo.ru/resource/Person152885 , Аксенов Виталий Евгеньевич , 1.217 , 
http://lod.ifmo.ru/resource/Person159391 , Иордан Марина Александровна , 1.211 , 
http://lod.ifmo.ru/resource/Person189569 , Левашова Татьяна Викторовна , 1.21075 , 
http://lod.ifmo.ru/resource/Person139947 , Иванов Сергей Владимирович , 1.1882857142857142 , 
http://lod.ifmo.ru/resource/Person186356 , Ярошенко Ирина Сергеевна , 1.183 , 
http://lod.ifmo.ru/resource/Person189915 , Старков Иван Александрович , 1.18 , 
http://lod.ifmo.ru/resource/Person165503 , Шапиро Наталья Александровна , 1.1613333333333333 , 
http://lod.ifmo.ru/resource/Person188864 , Павлова Светлана Владимировна , 1.141 , 
http://lod.ifmo.ru/resource/Person187979 , Богданов Андрей Андреевич , 1.1151428571428572 , 
http://lod.ifmo.ru/resource/Person178022 , Титов Владимир Борисович , 1.0994285714285714 , 
http://lod.ifmo.ru/resource/Person152363 , Борисов Николай Валентинович , 1.0985 , 
http://lod.ifmo.ru/resource/Person127188 , Виноградова Галина Николаевна , 1.071 , 
http://lod.ifmo.ru/resource/Person148717 , Гусев Святослав Игоревич , 1.071 , 
http://lod.ifmo.ru/resource/Person118511 , Герасимов Дмитрий Николаевич , 1.0646666666666669 , 
http://lod.ifmo.ru/resource/Person145739 , Иванов Сергей Александрович , 1.06425 , 
http://lod.ifmo.ru/resource/Person188420 , Смирнов Андрей Михайлович , 1.054 , 
http://lod.ifmo.ru/resource/Person125801 , Смирнов Никита Александрович , 1.054 , 
http://lod.ifmo.ru/resource/Person142479 , Смирнов Павел Андреевич , 1.054 , 
http://lod.ifmo.ru/resource/Person145033 , Франк Софья Игоревна , 1.0481999999999996 , 
http://lod.ifmo.ru/resource/Person168156 , Топчиев Александр Николаевич , 1.047 , 
http://lod.ifmo.ru/resource/Person133768 , Богданов Кирилл Вадимович , 1.0104000000000002 , 
http://lod.ifmo.ru/resource/Person173297 , Иванов Егор Вадимович , 0.9957499999999999 , 
http://lod.ifmo.ru/resource/Person130162 , Макаров Евгений Александрович , 0.977 , 
http://lod.ifmo.ru/resource/Person134586 , Субботин Дмитрий Андреевич , 0.976 , 
http://lod.ifmo.ru/resource/Person189908 , Никитин Андрей Александрович , 0.9600000000000001 , 
http://lod.ifmo.ru/resource/Person189913 , Никитин Алексей Александрович , 0.9600000000000001 , 
http://lod.ifmo.ru/resource/Person142946 , Лобанов Игорь Сергеевич , 0.958 , 
http://lod.ifmo.ru/resource/Person160078 , Шолохов Алексей Владимирович , 0.9570000000000001 , 
http://lod.ifmo.ru/resource/Person149476 , Френкель Давид Александрович , 0.926 , 
http://lod.ifmo.ru/resource/Person188542 , Смирнов Александр Викторович , 0.9220909090909092 , 
http://lod.ifmo.ru/resource/Person100666 , Смирнов Александр Витальевич , 0.9220909090909092 , 
http://lod.ifmo.ru/resource/Person140466 , Иванов Андрей Витальевич , 0.8953333333333333 , 
http://lod.ifmo.ru/resource/Person165684 , Васильева Юлия Вячеславовна , 0.8918333333333334 , 
http://lod.ifmo.ru/resource/Person186377 , Баландин Сергей Игоревич , 0.889 , 
http://lod.ifmo.ru/resource/Person168460 , Романов Алексей Евгеньевич , 0.88625 , 
http://lod.ifmo.ru/resource/Person165274 , Малышев Александр Александрович , 0.8859999999999999 , 
http://lod.ifmo.ru/resource/Person186343 , Демидов Владимир Иванович , 0.883 , 
http://lod.ifmo.ru/resource/Person138277 , Булгакова Вера Геннадьевна , 0.872 , 
http://lod.ifmo.ru/resource/Person132979 , Аксарин Станислав Михайлович , 0.871 , 
http://lod.ifmo.ru/resource/Person190202 , Баранов Сергей Николаевич , 0.871 , 
http://lod.ifmo.ru/resource/Person105708 , Беспалов Виктор Георгиевич , 0.866 , 
http://lod.ifmo.ru/resource/Person138286 , Златов Андрей Сергеевич , 0.85175 , 
http://lod.ifmo.ru/resource/Person100656 , Козлов Сергей Аркадьевич , 0.845 , 
http://lod.ifmo.ru/resource/Person186366 , Легин Андрей Владимирович , 0.838 , 
http://lod.ifmo.ru/resource/Person149769 , Лопарев Алексей Валерьевич , 0.799 , 
http://lod.ifmo.ru/resource/Person171717 , Шилов Николай Германович , 0.7949999999999999 , 
http://lod.ifmo.ru/resource/Person190199 , Ронжин Андрей Леонидович , 0.786 , 
http://lod.ifmo.ru/resource/Person188120 , Мэйер Бертранд Филипп , 0.7847500000000001 , 
http://lod.ifmo.ru/resource/Person111796 , Никитина Мария Владимировна , 0.782 , 
http://lod.ifmo.ru/resource/Person138144 , Васильев Александр Сергеевич , 0.78025 , 
http://lod.ifmo.ru/resource/Person188131 , Usikov Alexander Sergeevich , 0.7766000000000001 , 
http://lod.ifmo.ru/resource/Person190180 , Павлова Юлия Валерьевна , 0.77225 , 
http://lod.ifmo.ru/resource/Person178308 , Попов Антон Игоревич , 0.7445999999999999 , 
http://lod.ifmo.ru/resource/Person188299 , Тимофеев Андрей Владимирович , 0.735 , 
http://lod.ifmo.ru/resource/Person189903 , Медведева Наталья Юрьевна , 0.726 , 
http://lod.ifmo.ru/resource/Person173090 , Медведев Алексей Вениаминович , 0.726 , 
http://lod.ifmo.ru/resource/Person190619 , Разумова Ирина Анатольевна , 0.717 , 
http://lod.ifmo.ru/resource/Person118034 , Степанов Алексей Петрович , 0.7130000000000001 , 
http://lod.ifmo.ru/resource/Person106021 , Степанов Олег Андреевич , 0.7130000000000001 , 
http://lod.ifmo.ru/resource/Person105948 , Степанов Евгений Олегович , 0.7130000000000001 , 
http://lod.ifmo.ru/resource/Person189380 , Foreman Nigel Peter , 0.712 , 
http://lod.ifmo.ru/resource/Person130698 , Молдовян Александр Андреевич , 0.7103999999999999 , 
http://lod.ifmo.ru/resource/Person189914 , Мартынов Михаил Игоревич , 0.704 , 
http://lod.ifmo.ru/resource/Person100070 , Филиппов Владимир Геннадьевич , 0.699 , 
http://lod.ifmo.ru/resource/Person165646 , Алексеев Геннадий Валентинович , 0.696 , 
http://lod.ifmo.ru/resource/Person186227 , Поляк Борис Теодорович , 0.6775 , 
http://lod.ifmo.ru/resource/Person100628 , Попов Игорь Юрьевич , 0.6618888888888887 , 
http://lod.ifmo.ru/resource/Person181396 , Гуткин Михаил Юрьевич , 0.639 , 
http://lod.ifmo.ru/resource/Person160898 , Карлагина Юлия Юрьевна , 0.63 , 
http://lod.ifmo.ru/resource/Person149701 , Горохов Владимир Леонидович , 0.61425 , 
http://lod.ifmo.ru/resource/Person152980 , Нигматуллин Нияз Габдуллазянович , 0.6054999999999999 , 
http://lod.ifmo.ru/resource/Person189900 , Семенов Александр Анатольевич , 0.602 , 
http://lod.ifmo.ru/resource/Person188159 , Волков Константин Николаевич , 0.591 , 
http://lod.ifmo.ru/resource/Person114122 , Волков Михаил Владимирович , 0.591 , 
http://lod.ifmo.ru/resource/Person161322 , Никулин Антон Владимирович , 0.5705 , 
http://lod.ifmo.ru/resource/Person198667 , Жуков Николай Александрович , 0.5660000000000001 , 
http://lod.ifmo.ru/resource/Person139030 , Лебедев Илья Сергеевич , 0.5636666666666666 , 
http://lod.ifmo.ru/resource/Person188124 , Лебедев Сергей Павлович , 0.5636666666666666 , 
http://lod.ifmo.ru/resource/Person100536 , Балошин Юрий Александрович , 0.536 , 
http://lod.ifmo.ru/resource/Person151215 , Горланов Александр Васильевич , 0.494 , 
http://lod.ifmo.ru/resource/Person121284 , Горбунова Елена Васильевна , 0.494 , 
http://lod.ifmo.ru/resource/Person134682 , Черевков Сергей Александрович , 0.494 , 
http://lod.ifmo.ru/resource/Person137894 , Поляков Николай Александрович , 0.488 , 
http://lod.ifmo.ru/resource/Person189220 , Ховайло Владимир Васильевич , 0.483 , 
http://lod.ifmo.ru/resource/Person159686 , Полищук Владимир Анатольевич , 0.482 , 
http://lod.ifmo.ru/resource/Person186346 , Богданов Евгений Анатольевич , 0.47550000000000003 , 
http://lod.ifmo.ru/resource/Person127189 , Комолов Владимир Леонидович , 0.47433333333333333 , 
http://lod.ifmo.ru/resource/Person138370 , Попов Сергей Олегович , 0.474 , 
http://lod.ifmo.ru/resource/Person188199 , Дмитриев Павел Алексеевич , 0.47066666666666673 , 
http://lod.ifmo.ru/resource/Person178348 , Волков Сергей Егорович , 0.465 , 
http://lod.ifmo.ru/resource/Person159530 , Сухоруков Андрей Анатольевич , 0.441 , 
http://lod.ifmo.ru/resource/Person155169 , Виткин Владимир Владимирович , 0.439 , 
http://lod.ifmo.ru/resource/Person186355 , Тимофеева Татьяна Владимировна , 0.432 , 
http://lod.ifmo.ru/resource/Person100358 , Тимофеев Александр Николаевич , 0.432 , 
http://lod.ifmo.ru/resource/Person141926 , Поляков Дмитрий Сергеевич , 0.4122 , 
http://lod.ifmo.ru/resource/Person121350 , Поляков Вадим Михайлович , 0.4122 , 
http://lod.ifmo.ru/resource/Person134677 , Цыпкин Антон Николаевич , 0.396 , 
http://lod.ifmo.ru/resource/Person178847 , Исаченко Григорий Николаевич , 0.396 , 
http://lod.ifmo.ru/resource/Person166429 , Дубровин Сергей Александрович , 0.396 , 
http://lod.ifmo.ru/resource/Person105133 , Яковлев Евгений Борисович , 0.39466666666666667 , 
http://lod.ifmo.ru/resource/Person144031 , Потапов Алексей Сергеевич , 0.38 , 
http://lod.ifmo.ru/resource/Person127329 , Романова Галина Эдуардовна , 0.372 , 
http://lod.ifmo.ru/resource/Person159429 , Сидоров Вадим Олегович , 0.3675 , 
http://lod.ifmo.ru/resource/Person153640 , Комарова Юлия Андреевна , 0.364 , 
http://lod.ifmo.ru/resource/Person119718 , Мельников Алексей Владимирович , 0.359 , 
http://lod.ifmo.ru/resource/Person189911 , Мыльников Иван Леонидович , 0.359 , 
http://lod.ifmo.ru/resource/Person159988 , Баканов Алексей Георгиевич , 0.35733333333333334 , 
http://lod.ifmo.ru/resource/Person175248 , Ковш Алексей Русланович , 0.346 , 
http://lod.ifmo.ru/resource/Person102365 , Матвеев Юрий Николаевич , 0.346 , 
http://lod.ifmo.ru/resource/Person130101 , Першин Александр Александрович , 0.325 , 
http://lod.ifmo.ru/resource/Person188121 , Иванов Дмитрий Сергеевич , 0.324 , 
http://lod.ifmo.ru/resource/Person153607 , Крылова Анастасия Константиновна , 0.289 , 
http://lod.ifmo.ru/resource/Person100018 , Ушаков Анатолий Владимирович , 0.2865 , 
http://lod.ifmo.ru/resource/Person134632 , Ушакова Елена Владимировна , 0.2865 , 
http://lod.ifmo.ru/resource/Person165030 , Баранов Игорь Владимирович , 0.276 , 
http://lod.ifmo.ru/resource/Person165444 , Сергеева Ирина Григорьевна , 0.276 , 
http://lod.ifmo.ru/resource/Person150734 , Баранов Михаил Александрович , 0.276 , 
http://lod.ifmo.ru/resource/Person133954 , Дроздов Аркадий Анатольевич , 0.263 , 
http://lod.ifmo.ru/resource/Person118456 , Новиков Борис Юрьевич , 0.257 , 
http://lod.ifmo.ru/resource/Person139461 , Федоров Михаил Александрович , 0.2535 , 
http://lod.ifmo.ru/resource/Person132497 , Федоров Анатолий Валентинович , 0.2535 , 
http://lod.ifmo.ru/resource/Person134277 , Матвеев Николай Вадимович , 0.2365 , 
http://lod.ifmo.ru/resource/Person100594 , Денисов Константин Михайлович , 0.23625000000000002 , 
http://lod.ifmo.ru/resource/Person102364 , Денисов Виктор Маевич , 0.23160000000000003 , 
http://lod.ifmo.ru/resource/Person149381 , Соколов Андрей Анатольевич , 0.229 , 
http://lod.ifmo.ru/resource/Person106013 , Бессмертный Игорь Александрович , 0.22666666666666666 , 
http://lod.ifmo.ru/resource/Person138310 , Савельев Роман Сергеевич , 0.222 , 
http://lod.ifmo.ru/resource/Person105611 , Гурьянов Алексей Валерьевич , 0.222 , 
http://lod.ifmo.ru/resource/Person184785 , Спиридонов Игорь Геннадьевич , 0.222 , 
http://lod.ifmo.ru/resource/Person147059 , Кудряшов Борис Давидович , 0.22150000000000003 , 
http://lod.ifmo.ru/resource/Person165539 , Баракова Надежда Васильевна , 0.213 , 
http://lod.ifmo.ru/resource/Person138031 , Елисеев Кирилл Анатольевич , 0.213 , 
http://lod.ifmo.ru/resource/Person116501 , Станкевич Андрей Сергеевич , 0.213 , 
http://lod.ifmo.ru/resource/Person178627 , Колесникова Анна Львовна , 0.213 , 
http://lod.ifmo.ru/resource/Person134075 , Каширин Виктор Валерьевич , 0.213 , 
http://lod.ifmo.ru/resource/Person114481 , Перепелкина Светлана Юрьевна , 0.213 , 
http://lod.ifmo.ru/resource/Person100574 , Толмачев Валерий Александрович , 0.213 , 
http://lod.ifmo.ru/resource/Person139460 , Исаев Михаил Вячеславович , 0.213 , 
http://lod.ifmo.ru/resource/Person146240 , Сергеев Максим Михайлович , 0.213 , 
http://lod.ifmo.ru/resource/Person154078 , Леонов Михаил Юрьевич , 0.20900000000000002 , 
http://lod.ifmo.ru/resource/Person188999 , Дроздов Андрей Сергеевич , 0.20666666666666667 , 
http://lod.ifmo.ru/resource/Person123086 , Дроздов Валентин Нилович , 0.20666666666666667 , 
http://lod.ifmo.ru/resource/Person156954 , Осипова Мария Олеговна , 0.201 , 
http://lod.ifmo.ru/resource/Person151166 , Порозов Юрий Борисович , 0.201 , 
http://lod.ifmo.ru/resource/Person188128 , Смирнова Ольга Сергеевна , 0.2 , 
http://lod.ifmo.ru/resource/Person190201 , Соколов Борис Владимирович , 0.19966666666666666 , 
http://lod.ifmo.ru/resource/Person142768 , Громова Юлия Александровна , 0.197 , 
http://lod.ifmo.ru/resource/Person114099 , Борисов Павел Александрович , 0.197 , 
http://lod.ifmo.ru/resource/Person167033 , Борисова Ирина Игоревна , 0.197 , 
http://lod.ifmo.ru/resource/Person185871 , Борисов Олег Владимирович , 0.197 , 
http://lod.ifmo.ru/resource/Person166683 , Борисов Александр Евгеньевич , 0.197 , 
http://lod.ifmo.ru/resource/Person148589 , Борисов Олег Игоревич , 0.197 , 
http://lod.ifmo.ru/resource/Person183522 , Чупрова Юлия Константиновна , 0.196 , 
http://lod.ifmo.ru/resource/Person116818 , Монахов Юрий Сергеевич , 0.19599999999999998 , 
http://lod.ifmo.ru/resource/Person172974 , Харитонов Артем Андреевич , 0.193 , 
http://lod.ifmo.ru/resource/Person100560 , Новиков Александр Федорович , 0.193 , 
http://lod.ifmo.ru/resource/Person186390 , Коннов Арсений Юрьевич , 0.188 , 
http://lod.ifmo.ru/resource/Person136012 , Федоров Сергей Васильевич , 0.188 , 
http://lod.ifmo.ru/resource/Person185661 , Голубев Валерий Григорьевич , 0.186 , 
http://lod.ifmo.ru/resource/Person157697 , Короленко Сергей Юрьевич , 0.181 , 
http://lod.ifmo.ru/resource/Person186342 , Кудрявцев Анатолий Анатольевич , 0.172 , 
http://lod.ifmo.ru/resource/Person175180 , Карсаков Андрей Сергеевич , 0.17 , 
http://lod.ifmo.ru/resource/Person112105 , Захаров Алексей Сергеевич , 0.17 , 
http://lod.ifmo.ru/resource/Person188679 , Виноградов Александр Валентинович , 0.17 , 
http://lod.ifmo.ru/resource/Person177775 , Виноградова Ксения Анатольевна , 0.17 , 
http://lod.ifmo.ru/resource/Person188539 , Виноградов Владимир Валентинович , 0.17 , 
http://lod.ifmo.ru/resource/Person154550 , Столяров Денис Андреевич , 0.147 , 
http://lod.ifmo.ru/resource/Person100040 , Алиев Тауфик Измайлович , 0.12771428571428572 , 
http://lod.ifmo.ru/resource/Person172176 , Буряк Мария Анатольевна , 0.126 , 
http://lod.ifmo.ru/resource/Person105061 , Шалыто Анатолий Абрамович , 0.11975 , 
http://lod.ifmo.ru/resource/Person125197 , Муромцев Дмитрий Ильич , 0.1 , 
http://lod.ifmo.ru/resource/Person160879 , Логинов Анатолий Витальевич , 0.1 , 
http://lod.ifmo.ru/resource/Person163700 , Дмитриева Алёна Дмитриевна , 0.1 , 
http://lod.ifmo.ru/resource/Person186363 , Цегельник Вадим Степанович , 0.0 , 
http://lod.ifmo.ru/resource/Person178070 , Садов Олег Леонидович , 0.0 , 
http://lod.ifmo.ru/resource/Person175740 , Литвиненко Юлия Александровна , 0.0 , 
http://lod.ifmo.ru/resource/Person171417 , Вакуленко Сергей Августович , 0.0 , 
http://lod.ifmo.ru/resource/Person190354 , Войтова Татьяна Андреевна , 0.0 , 
http://lod.ifmo.ru/resource/Person121029 , Разумовский Андрей Владимирович , 0.0 , 
http://lod.ifmo.ru/resource/Person154086 , Варжель Сергей Владимирович , 0.0 , 
http://lod.ifmo.ru/resource/Person158077 , Комаров Андрей Валерьевич , 0.0 , 
http://lod.ifmo.ru/resource/Person173239 , Поваров Святослав Андреевич , 0.0 , 
http://lod.ifmo.ru/resource/Person149578 , Яналов Роман Игоревич , 0.0 , 
http://lod.ifmo.ru/resource/Person164661 , Билятдинова Анна Закировна , 0.0 , 
http://lod.ifmo.ru/resource/Person151991 , Заколдаев Роман Алексеевич , 0.0 , 
http://lod.ifmo.ru/resource/Person186224 , Моновская Анна Владимировна , 0.0 , 
http://lod.ifmo.ru/resource/Person142734 , Некрасова Яна Андреевна , 0.0 , 
http://lod.ifmo.ru/resource/Person165314 , Ишевский Александр Леонидович , 0.0 , 
http://lod.ifmo.ru/resource/Person152922 , Зун Павел Сергеевич , 0.0 , 
http://lod.ifmo.ru/resource/Person140347 , Цехомский Виктор Алексеевич , 0.0 , 
http://lod.ifmo.ru/resource/Person189421 , Стрекаль Наталья Дмитриевна , 0.0 , 
http://lod.ifmo.ru/resource/Person163201 , Бибиков Сергей Викторович , 0.0 , 
http://lod.ifmo.ru/resource/Person185981 , Брунков Павел Николаевич , 0.0 , 
http://lod.ifmo.ru/resource/Person181397 , Орлова Татьяна Сергеевна , 0.0 , 
http://lod.ifmo.ru/resource/Person102485 , Беликов Андрей Вячеславович , 0.0 , 
http://lod.ifmo.ru/resource/Person129510 , Матыжонок Виктор Николаевич , 0.0 , 
http://lod.ifmo.ru/resource/Person153149 , Лосенков Андрей Андреевич , 0.0 , 
http://lod.ifmo.ru/resource/Person148822 , Зименко Константин Александрович , 0.0 , 
http://lod.ifmo.ru/resource/Person186386 , Бесчастных Владимир Николаевич , 0.0 , 
http://lod.ifmo.ru/resource/Person185230 , Машек Александр Чеславович , 0.0 , 
http://lod.ifmo.ru/resource/Person105590 , Корнеев Георгий Александрович , 0.0 , 
http://lod.ifmo.ru/resource/Person179343 , Каменцев Лев Игоревич , 0.0 , 
http://lod.ifmo.ru/resource/Person159360 , Красилин Андрей Алексеевич , 0.0 , 
http://lod.ifmo.ru/resource/Person137820 , Капитонов Александр Александрович , 0.0 , 
http://lod.ifmo.ru/resource/Person153979 , Палташев Тимур Турсунович , 0.0 , 
http://lod.ifmo.ru/resource/Person186230 , Колесова Евгения Ивановна , 0.0 , 
http://lod.ifmo.ru/resource/Person137888 , Перминов Илья Валентинович , 0.0 , 
http://lod.ifmo.ru/resource/Person157832 , Демьянюк Виталий Юрьевич , 0.0 , 
http://lod.ifmo.ru/resource/Person102821 , Губанова Людмила Александровна , 0.0 , 
http://lod.ifmo.ru/resource/Person166027 , Бараненко Денис Александрович , 0.0 , 
http://lod.ifmo.ru/resource/Person132500 , Вартанян Тигран Арменакович , 0.0 , 
http://lod.ifmo.ru/resource/Person165405 , Крупененков Николай Федорович , 0.0 , 
http://lod.ifmo.ru/resource/Person145410 , Агейский Александр Эдуардович , 0.0 , 
http://lod.ifmo.ru/resource/Person141918 , Мартыненко Ирина Владимировна , 0.0 , 
http://lod.ifmo.ru/resource/Person165410 , Кудинова Светлана Юрьевна , 0.0 , 
http://lod.ifmo.ru/resource/Person165751 , Булат Лев Петрович , 0.0 , 
http://lod.ifmo.ru/resource/Person142755 , Баймуратов Анвар Саматович , 0.0 , 
http://lod.ifmo.ru/resource/Person119162 , Арановский Станислав Владимирович , 0.0 , 
http://lod.ifmo.ru/resource/Person101576 , Чуйко Владимир Анатольевич , 0.0 , 
http://lod.ifmo.ru/resource/Person179344 , Желенкова Ольга Петровна , 0.0 , 
http://lod.ifmo.ru/resource/Person100028 , Чежин Михаил Сергеевич , 0.0 , 
http://lod.ifmo.ru/resource/Person159166 , Слоот Петрус Мария Арнолдус , 0.0 , 
http://lod.ifmo.ru/resource/Person145464 , Бабкина Анастасия Николаевна , 0.0 , 
http://lod.ifmo.ru/resource/Person153614 , Слобожанюк Алексей Петрович , 0.0 , 
http://lod.ifmo.ru/resource/Person118455 , Мельчакова Ирина Валерьевна , 0.0 , 
http://lod.ifmo.ru/resource/Person139422 , Перлин Евгений Юрьевич , 0.0 , 
http://lod.ifmo.ru/resource/Person125978 , Ермолаева Елена Владимировна , 0.0 , 
http://lod.ifmo.ru/resource/Person134429 , Постников Евгений Сергеевич , 0.0 , 
http://lod.ifmo.ru/resource/Person188480 , Сорокин Сергей Дмитриевич , 0.0 , 
http://lod.ifmo.ru/resource/Person139528 , Крутякова Валентина Павловна , 0.0 , 
http://lod.ifmo.ru/resource/Person159494 , Краснок Александр Евгеньевич , 0.0 , 
http://lod.ifmo.ru/resource/Person186262 , Перегудов Александр Феликсович , 0.0 , 
http://lod.ifmo.ru/resource/Person165061 , Колодязная Валентина Степановна , 0.0 , 
http://lod.ifmo.ru/resource/Person114019 , Чепинский Сергей Алексеевич , 0.0 , 
http://lod.ifmo.ru/resource/Person126331 , Алейник Артем Сергеевич , 0.0 , 
http://lod.ifmo.ru/resource/Person102064 , Симовский Константин Руфович , 0.0 , 
http://lod.ifmo.ru/resource/Person166046 , Сучкова Елена Павловна , 0.0 , 
http://lod.ifmo.ru/resource/Person165401 , Новотельнова Анна Владимировна , 0.0 , 
http://lod.ifmo.ru/resource/Person185825 , Агафонова Дарина Сергеевна , 0.0 , 
http://lod.ifmo.ru/resource/Person111867 , Шполянский Юрий Александрович , 0.0 , 
http://lod.ifmo.ru/resource/Person154642 , Кисляков Иван Михайлович , 0.0 , 
http://lod.ifmo.ru/resource/Person186221 , Карпов Алексей Анатольевич , 0.0 , 
http://lod.ifmo.ru/resource/Person153623 , Бибик Анастасия Юрьевна , 0.0 , 
http://lod.ifmo.ru/resource/Person186385 , Владимирович Ирина Евгеньевна , 0.0 , 
http://lod.ifmo.ru/resource/Person100141 , Мусалимов Виктор Михайлович , 0.0 , 
http://lod.ifmo.ru/resource/Person165686 , Дедык Антонина Ивановна , 0.0 , 
http://lod.ifmo.ru/resource/Person143958 , Ковальчук Сергей Валерьевич , 0.0 , 
http://lod.ifmo.ru/resource/Person123018 , Путилин Сергей Эдуардович , 0.0 , 
http://lod.ifmo.ru/resource/Person158126 , Бочкарёва Елизавета Сергеевна , 0.0 , 
http://lod.ifmo.ru/resource/Person112838 , Штумпф Святослав Алексеевич , 0.0 , 
http://lod.ifmo.ru/resource/Person185662 , Феоктистов Николай Александрович , 0.0 , 
http://lod.ifmo.ru/resource/Person189561 , Тесля Николай Николаевич , 0.0 , 
http://lod.ifmo.ru/resource/Person130164 , Буяновская Елизавета Михайловна , 0.0 , 
http://lod.ifmo.ru/resource/Person136196 , Бурункова Юлия Эдуардовна , 0.0 , 
http://lod.ifmo.ru/resource/Person186392 , Санатов Дмитрий Васильевич , 0.0 , 
http://lod.ifmo.ru/resource/Person188800 , Камшилин Алексей Александрович , 0.0 , 
http://lod.ifmo.ru/resource/Person126455 , Маврин Павел Юрьевич , 0.0 , 
http://lod.ifmo.ru/resource/Person158912 , Кащеев Сергей Васильевич , 0.0 , 
http://lod.ifmo.ru/resource/Person185960 , Плониш Анна Михайловна , 0.0 , 
http://lod.ifmo.ru/resource/Person125220 , Точилина Татьяна Вячеславовна , 0.0 , 
http://lod.ifmo.ru/resource/Person159875 , Мустафин Илья Андреевич , 0.0 , 
http://lod.ifmo.ru/resource/Person186314 , Глыбовский Станислав Борисович , 0.0 , 
http://lod.ifmo.ru/resource/Person159309 , Пшеничный Кирилл Анатольевич , 0.0 , 
http://lod.ifmo.ru/resource/Person186358 , Восканян Евгений Сергеевич , 0.0 , 
http://lod.ifmo.ru/resource/Person186362 , Задорожная Олеся Анатольевна , 0.0 , 
http://lod.ifmo.ru/resource/Person142291 , Быковский Сергей Вячеславович , 0.0 , 
http://lod.ifmo.ru/resource/Person133839 , Волынский Максим Александрович , 0.0 , 
http://lod.ifmo.ru/resource/Person180302 , Шкребец Александр Евгеньевич , 0.0 , 
http://lod.ifmo.ru/resource/Person155442 , Кузьмина Александра Валерьевна , 0.0 , 
http://lod.ifmo.ru/resource/Person171977 , Владимиров Сергей Владимирович , 0.0 , 
http://lod.ifmo.ru/resource/Person168505 , Ховалыг Долаана Маадыр-ооловна , 0.0 , 
http://lod.ifmo.ru/resource/Person183635 , Чертова Лидия Витальевна , 0.0 , 
http://lod.ifmo.ru/resource/Person159681 , Лапин Михаил Владимирович , 0.0 , 
http://lod.ifmo.ru/resource/Person153287 , Антонов Александр Александрович , 0.0 , 
http://lod.ifmo.ru/resource/Person185863 , Жулина Екатерина Борисовна , 0.0 , 
http://lod.ifmo.ru/resource/Person186353 , Кийко Вадим Вениаминович , 0.0 , 
http://lod.ifmo.ru/resource/Person165301 , Дорошков Александр Валентинович , 0.0 , 
http://lod.ifmo.ru/resource/Person104332 , Успенская Майя Валерьевна , 0.0 , 
http://lod.ifmo.ru/resource/Person146789 , Балахонцева Марина Андреевна , 0.0 , 
http://lod.ifmo.ru/resource/Person146361 , Ульянцев Владимир Игоревич , 0.0 , 
http://lod.ifmo.ru/resource/Person139426 , Щеулин Александр Сергеевич , 0.0 , 
http://lod.ifmo.ru/resource/Person188861 , Михайлов Николай Викторович , 0.0 , 
http://lod.ifmo.ru/resource/Person165396 , Красникова Людмила Васильевна , 0.0 , 
http://lod.ifmo.ru/resource/Person185347 , Волкова Ксения Васильевна , 0.0 , 
http://lod.ifmo.ru/resource/Person154698 , Возианова Анна Викторовна , 0.0 , 
http://lod.ifmo.ru/resource/Person139524 , Калитеевская Елена Николаевна , 0.0 , 
http://lod.ifmo.ru/resource/Person139458 , Коншина Елена Анатольевна , 0.0 , 
http://lod.ifmo.ru/resource/Person139527 , Разумова Татьяна Константиновна , 0.0 , 
http://lod.ifmo.ru/resource/Person150975 , Нечаев Юрий Иванович , 0.0 , 
http://lod.ifmo.ru/resource/Person100333 , Коротаев Валерий Викторович , 0.0 , 
http://lod.ifmo.ru/resource/Person152738 , Аннас Кирилл Игоревич , 0.0 , 
http://lod.ifmo.ru/resource/Person146108 , Перовская Лидия Марковна , 0.0 , 
http://lod.ifmo.ru/resource/Person123269 , Корешев Сергей Николаевич , 0.0 , 
http://lod.ifmo.ru/resource/Person140322 , Нестеров Леонид Андреевич , 0.0 , 
http://lod.ifmo.ru/resource/Person114787 , Рохмин Алексей Сергеевич , 0.0 , 
http://lod.ifmo.ru/resource/Person163250 , Смолин Артем Александрович , 0.0 , 
http://lod.ifmo.ru/resource/Person114111 , Лукичев Дмитрий Вячеславович , 0.0 , 
http://lod.ifmo.ru/resource/Person152787 , Шаповал Екатерина Сергеевна , 0.0 , 
http://lod.ifmo.ru/resource/Person186304 , Селянин Евгений Владимирович , 0.0 , 
http://lod.ifmo.ru/resource/Person165195 , Орехова Светлана Михайловна , 0.0 , 
http://lod.ifmo.ru/resource/Person163050 , Симончик Константин Константинович , 0.0 , 
http://lod.ifmo.ru/resource/Person105956 , Клим Олег Васильевич , 0.0 , 
http://lod.ifmo.ru/resource/Person100539 , Мирошниченко Георгий Петрович , 0.0 , 
http://lod.ifmo.ru/resource/Person148586 , Боргуль Александр Сергеевич , 0.0 , 
http://lod.ifmo.ru/resource/Person146103 , Пархимович Ольга Владимировна , 0.0 , 
http://lod.ifmo.ru/resource/Person154108 , Жевлаков Александр Павлович , 0.0 , 
http://lod.ifmo.ru/resource/Person100451 , Иночкин Михаил Владимирович , 0.0 , 
http://lod.ifmo.ru/resource/Person159126 , Духанов Алексей Валентинович , 0.0 , 
http://lod.ifmo.ru/resource/Person189159 , Миличко Валентин Андреевич , 0.0 , 
http://lod.ifmo.ru/resource/Person149216 , Пинкевич Василий Юрьевич , 0.0 , 
http://lod.ifmo.ru/resource/Person138386 , Федотов Павел Валерьевич , 0.0 , 
http://lod.ifmo.ru/resource/Person145757 , Казаков Сергей Владимирович , 0.0 , 
http://lod.ifmo.ru/resource/Person106190 , Емельянцев Геннадий Иванович , 0.0 , 
http://lod.ifmo.ru/resource/Person111680 , Белов Павел Александрович , 0.0 , 
http://lod.ifmo.ru/resource/Person189906 , Дроздовский Андрей Викторович , 0.0 , 
http://lod.ifmo.ru/resource/Person189905 , Кондрашов Александр Викторович , 0.0 , 
http://lod.ifmo.ru/resource/Person137738 , Абдуллин Артур Александрович , 0.0 , 
http://lod.ifmo.ru/resource/Person159989 , Курочкина Маргарита Анатольевна , 0.0 , 
http://lod.ifmo.ru/resource/Person134231 , Ловлин Сергей Юрьевич , 0.0 , 
http://lod.ifmo.ru/resource/Person145906 , Кынев Сергей Михайлович , 0.0 , 
http://lod.ifmo.ru/resource/Person139526 , Леонов Никита Борисович , 0.0 , 
http://lod.ifmo.ru/resource/Person159536 , Самусев Антон Кириллович , 0.0 , 
http://lod.ifmo.ru/resource/Person185784 , Стрельникова Инна Евгеньевна , 0.0 , 
http://lod.ifmo.ru/resource/Person100005 , Быстров Сергей Владимирович , 0.0 , 
http://lod.ifmo.ru/resource/Person130916 , Куликов Андрей Владимирович , 0.0 , 
http://lod.ifmo.ru/resource/Person159529 , Шадривов Илья Владимирович , 0.0 , 
http://lod.ifmo.ru/resource/Person165332 , Багаутдинова Алия Шамилевна , 0.0 , 
http://lod.ifmo.ru/resource/Person153617 , Филонов Дмитрий Сергеевич , 0.0 , 
http://lod.ifmo.ru/resource/Person186389 , Карпов Александр Семенович , 0.0 , 
http://lod.ifmo.ru/resource/Person165178 , Надточий Людмила Анатольевна , 0.0 , 
http://lod.ifmo.ru/resource/Person165116 , Докукин Владимир Николаевич , 0.0 , 
http://lod.ifmo.ru/resource/Person138079 , Нечаев Денис Сергеевич , 0.0 , 
http://lod.ifmo.ru/resource/Person186786 , Горлач Максим Александрович , 0.0 , 
http://lod.ifmo.ru/resource/Person178862 , Попова Светлана Владимировна , 0.0 , 
http://lod.ifmo.ru/resource/Person119821 , Дорофеев Александр Александрович , 0.0 , 
http://lod.ifmo.ru/resource/Person152921 , Захарчук Артем Валерьевич , 0.0 , 
http://lod.ifmo.ru/resource/Person121289 , Воронцова Татьяна Федоровна , 0.0 , 
http://lod.ifmo.ru/resource/Person165827 , Потанина Алена Вячеславовна , 0.0 , 
http://lod.ifmo.ru/resource/Person188863 , Некрасов Яков Анатольевич , 0.0 , 
http://lod.ifmo.ru/resource/Person105924 , Ермолаев Валерий Леонидович , 0.0 , 
http://lod.ifmo.ru/resource/Person188865 , Юдакин Дмитрий Евгеньевич , 0.0 , 
http://lod.ifmo.ru/resource/Person101562 , Шандыбина Галина Дмитриевна , 0.0 , 
http://lod.ifmo.ru/resource/Person135894 , Зуев Вячеслав Викторович , 0.0 , 
http://lod.ifmo.ru/resource/Person169375 , Грудинин Владимир Алексеевич , 0.0 , 
http://lod.ifmo.ru/resource/Person104008 , Ключев Аркадий Олегович , 0.0 , 
http://lod.ifmo.ru/resource/Person188860 , Trommer Gert F. , 0.0 , 
http://lod.ifmo.ru/resource/Person159525 , Ладутенко Константин Сергеевич , 0.0 , 
http://lod.ifmo.ru/resource/Person153214 , Хвостов Денис Алексеевич , 0.0 , 
http://lod.ifmo.ru/resource/Person151547 , Захаров Виктор Валерьевич , 0.0 , 
http://lod.ifmo.ru/resource/Person120728 , Ильина Аглая Геннадьевна , 0.0 , 
http://lod.ifmo.ru/resource/Person165918 , Пастухов Артем Сергеевич , 0.0 , 
http://lod.ifmo.ru/resource/Person168004 , Синицына Ксения Михайловна , 0.0 , 
http://lod.ifmo.ru/resource/Person121775 , Воробьева Елена Александровна , 0.0 , 
http://lod.ifmo.ru/resource/Person134526 , Позднякова Светлана Алексеевна , 0.0 , 
http://lod.ifmo.ru/resource/Person125404 , Андреева Ольга Владимировна , 0.0 , 
http://lod.ifmo.ru/resource/Person171898 , Ивукин Иван Николаевич , 0.0 , 
http://lod.ifmo.ru/resource/Person166432 , Тупицына Алла Игоревна , 0.0 , 
http://lod.ifmo.ru/resource/Person168541 , Бочков Леонид Викторович , 0.0 , 
http://lod.ifmo.ru/resource/Person100035 , Болтунов Геннадий Иванович , 0.0 , 
http://lod.ifmo.ru/resource/Person117249 , Ежова Ксения Викторовна , 0.0 , 
http://lod.ifmo.ru/resource/Person183626 , Корявцев Вячеслав Павлович , 0.0 , 
http://lod.ifmo.ru/resource/Person101714 , Пешехонов Владимир Григорьевич , 0.0 , 
http://lod.ifmo.ru/resource/Person187559 , Турицын Сергей Константинович , 0.0 , 
http://lod.ifmo.ru/resource/Person134181 , Куля Максим Сергеевич , 0.0 , 
http://lod.ifmo.ru/resource/Person186384 , Продан Николай Васильевич , 0.0 , 
http://lod.ifmo.ru/resource/Person168344 , Шаталов Иван Сергеевич , 0.0 , 
http://lod.ifmo.ru/resource/Person187802 , Токарев Алексей Владимирович , 0.0 , 
http://lod.ifmo.ru/resource/Person180897 , Лазо Олег Иванович , 0.0 , 
http://lod.ifmo.ru/resource/Person165850 , Сафонтьевский Алексей Николаевич , 0.0 , 
http://lod.ifmo.ru/resource/Person101403 , Сухорукова Марина Вилевна , 0.0 , 
http://lod.ifmo.ru/resource/Person191068 , Бугрова Вероника Анатольевна , 0.0 , 
http://lod.ifmo.ru/resource/Person112062 , Белозубов Александр Владимирович , 0.0 , 
http://lod.ifmo.ru/resource/Person186352 , Дорогин Леонид Михайлович , 0.0 , 
http://lod.ifmo.ru/resource/Person186148 , Климовский Михаил Сергеевич , 0.0 , 
http://lod.ifmo.ru/resource/Person145740 , Иванова Алена Евгеньевна , 0.0 , 
http://lod.ifmo.ru/resource/Person139423 , Вениаминов Андрей Викторович , 0.0 , 
http://lod.ifmo.ru/resource/Person149680 , Литвинов Юрий Володарович , 0.0 , 
http://lod.ifmo.ru/resource/Person148742 , Долганов Владислав Олегович , 0.0 , 
http://lod.ifmo.ru/resource/Person137330 , Карбовский Владислав Александрович , 0.0 , 
http://lod.ifmo.ru/resource/Person164472 , Кудашев Олег Юрьевич , 0.0 , 
http://lod.ifmo.ru/resource/Person184839 , Булат Михаил Павлович , 0.0 , 
http://lod.ifmo.ru/resource/Person100032 , Юркова Галина Николаевна , 0.0 , 
http://lod.ifmo.ru/resource/Person105822 , Сударчиков Сергей Алексеевич , 0.0 , 
http://lod.ifmo.ru/resource/Person156965 , Прожеев Игорь Владимирович , 0.0 , 
http://lod.ifmo.ru/resource/Person100496 , Шарков Александр Васильевич , 0.0 , 
http://lod.ifmo.ru/resource/Person134324 , Мухина Мария Викторовна , 0.0 , 
http://lod.ifmo.ru/resource/Person104990 , Бобцов Алексей Алексеевич , 0.0 , 
http://lod.ifmo.ru/resource/Person186380 , Казанцев Денис Сергеевич , 0.0 , 
http://lod.ifmo.ru/resource/Person186179 , Хомицевич Ольга Гурьевна , 0.0 , 
http://lod.ifmo.ru/resource/Person125857 , Ширшнева-Ващенко Елена Валерьевна , 0.0 , 
http://lod.ifmo.ru/resource/Person165154 , Дмитренко Нина Андреевна , 0.0 , 
http://lod.ifmo.ru/resource/Person138505 , Новиков Роман Леонидович , 0.0 , 
http://lod.ifmo.ru/resource/Person131876 , Игнатьев Александр Иванович , 0.0 , 
http://lod.ifmo.ru/resource/Person100932 , Путилин Эдуард Степанович , 0.0 , 
http://lod.ifmo.ru/resource/Person138170 , Зацепина Марина Евгеньевна , 0.0 , 
http://lod.ifmo.ru/resource/Person117017 , Михеев Сергей Васильевич , 0.0 , 
http://lod.ifmo.ru/resource/Person116050 , Анитропов Роман Викторович , 0.0 , 
http://lod.ifmo.ru/resource/Person158960 , Комаров Игорь Иванович , 0.0 , 
http://lod.ifmo.ru/resource/Person183842 , Колодезный Евгений Сергеевич , 0.0 , 
http://lod.ifmo.ru/resource/Person186347 , Мацковский Андрей Александрович , 0.0 , 
http://lod.ifmo.ru/resource/Person105825 , Толстоба Надежда Дмитриевна , 0.0 , 
http://lod.ifmo.ru/resource/Person105840 , Зинчик Александр Адольфович , 0.0 , 
http://lod.ifmo.ru/resource/Person152964 , Карпова Мария Сергеевна , 0.0 , 
http://lod.ifmo.ru/resource/Person154699 , Ходзицкий Михаил Константинович , 0.0 , 
http://lod.ifmo.ru/resource/Person191075 , Чапурина Юлия Евгеньевна , 0.0 , 
http://lod.ifmo.ru/resource/Person100577 , Усольцев Александр Анатольевич , 0.0 , 
http://lod.ifmo.ru/resource/Person140883 , Загарских Александр Сергеевич , 0.0 , 
http://lod.ifmo.ru/resource/Person142706 , Брунов Вячеслав Сергеевич , 0.0 , 
http://lod.ifmo.ru/resource/Person142130 , Кочетов Андрей Дмитриевич , 0.0 , 
http://lod.ifmo.ru/resource/Person146172 , Рогов Павел Юрьевич , 0.0 , 
http://lod.ifmo.ru/resource/Person159051 , Шикер Анна Юрьевна , 0.0 , 
http://lod.ifmo.ru/resource/Person165028 , Бараненко Александр Владимирович , 0.0 , 
http://lod.ifmo.ru/resource/Person177774 , Швалева Мария Александровна , 0.0 , 
http://lod.ifmo.ru/resource/Person115154 , Русак Алена Викторовна , 0.0 , 
http://lod.ifmo.ru/resource/Person171876 , Липницкая Светлана Николаевна , 0.0 , 
http://lod.ifmo.ru/resource/Person166838 , Глазкова Ольга Романовна , 0.0 , 
http://lod.ifmo.ru/resource/Person188866 , Чистяков Валерий Валентинович , 0.0 , 
http://lod.ifmo.ru/resource/Person185660 , Курдюков Дмитрий Александрович , 0.0 , 
http://lod.ifmo.ru/resource/Person188359 , Снайдер Геральд Джеффри , 0.0 , 
http://lod.ifmo.ru/resource/Person104397 , Орлова Анна Олеговна , 0.0 , 
http://lod.ifmo.ru/resource/Person188659 , Решетихин Николай Юрьевич , 0.0 , 
http://lod.ifmo.ru/resource/Person165621 , Фомичева Линда Ивановна , 0.0 , 
http://lod.ifmo.ru/resource/Person130605 , Чивилихин Сергей Анатольевич , 0.0 , 
http://lod.ifmo.ru/resource/Person140796 , Веретенов Николай Александрович , 0.0 , 
http://lod.ifmo.ru/resource/Person128214 , Парфенов Петр Сергеевич , 0.0 , 
http://lod.ifmo.ru/resource/Person165542 , Пронин Владимир Александрович , 0.0 , 
http://lod.ifmo.ru/resource/Person163864 , Эрдбринк Кристиаан Дирк , 0.0 , 
http://lod.ifmo.ru/resource/Person128025 , Амосова Лариса Павловна , 0.0 , 
http://lod.ifmo.ru/resource/Person105941 , Мочалов Игорь Валентинович , 0.0 , 
http://lod.ifmo.ru/resource/Person105965 , Розанов Николай Николаевич , 0.0 , 
http://lod.ifmo.ru/resource/Person185371 , Гунько Юрий Кузьмич , 0.0 , 
http://lod.ifmo.ru/resource/Person179346 , Витковский Владимир Валентинович , 0.0 , 
http://lod.ifmo.ru/resource/Person140493 , Шахвердов Теймур Азимович , 0.0 , 
http://lod.ifmo.ru/resource/Person163720 , Климова Александра Сергеевна , 0.0 , 
http://lod.ifmo.ru/resource/Person154070 , Андриевский Борис Ростиславич , 0.0 , 
http://lod.ifmo.ru/resource/Person188021 , Урбах Хендрик Пол , 0.0 , 
http://lod.ifmo.ru/resource/Person142796 , Чебыкин Александр Васильевич , 0.0 , 
http://lod.ifmo.ru/resource/Person139919 , Луценко Анна Евгеньевна , 0.0 , 
http://lod.ifmo.ru/resource/Person157515 , Вошева Татьяна Сергеевна , 0.0 , 
http://lod.ifmo.ru/resource/Person153650 , Мельник Максим Владимирович , 0.0 , 
http://lod.ifmo.ru/resource/Person149058 , Мамошкин Арсений Михайлович , 0.0 , 
http://lod.ifmo.ru/resource/Person165658 , Самрякова Надежда Евгеньевна , 0.0 , 
http://lod.ifmo.ru/resource/Person138283 , Егоров Владимир Ильич , 0.0 , 
http://lod.ifmo.ru/resource/Person114013 , Кремлев Артем Сергеевич , 0.0 , 
http://lod.ifmo.ru/resource/Person157453 , Пинаева Ульяна Владимировна , 0.0 , 
http://lod.ifmo.ru/resource/Person188220 , Рещиков Михаил Александрович , 0.0 , 
http://lod.ifmo.ru/resource/Person105923 , Арбузов Валерий Иванович , 0.0 , 
http://lod.ifmo.ru/resource/Person189904 , Зубко Светлана Петровна , 0.0 , 
http://lod.ifmo.ru/resource/Person138311 , Свитенков Андрей Игоревич , 0.0 , 
http://lod.ifmo.ru/resource/Person144133 , Лопатухин Леонид Иосифович , 0.0 , 
http://lod.ifmo.ru/resource/Person139424 , Ангервакс Александр Евгеньевич , 0.0 , 
http://lod.ifmo.ru/resource/Person165026 , Базарнова Юлия Генриховна , 0.0 , 
http://lod.ifmo.ru/resource/Person154806 , Виденичев Дмитрий Александрович , 0.0 , 
http://lod.ifmo.ru/resource/Person186391 , Пустильник Лев Абрамович , 0.0 , 
http://lod.ifmo.ru/resource/Person165228 , Пахомова Надежда Викторовна , 0.0 , 
http://lod.ifmo.ru/resource/Person169615 , Тимохина Ольга Михайловна , 0.0 , 
http://lod.ifmo.ru/resource/Person138334 , Буздалов Максим Викторович , 0.0 , 
http://lod.ifmo.ru/resource/Person142767 , Глейм Артур Викторович , 0.0 , 
http://lod.ifmo.ru/resource/Person126020 , Санталина Ирина Юрьевна , 0.0 , 
http://lod.ifmo.ru/resource/Person110941 , Бахолдин Алексей Валентинович , 0.0 , 
http://lod.ifmo.ru/resource/Person199268 , Мальфанова Наталья Витальевна , 0.0 , 
http://lod.ifmo.ru/resource/Person183785 , Ванькова Анастасия Андреевна , 0.0 , 
http://lod.ifmo.ru/resource/Person186580 , Окишев Сергей Григорьевич , 0.0 , 
http://lod.ifmo.ru/resource/Person148519 , Базылев Дмитрий Николаевич , 0.0 , 
http://lod.ifmo.ru/resource/Person186306 , Герман-Галкин Сергей Германович , 0.0 , 
http://lod.ifmo.ru/resource/Person157349 , Денисултанов Алауди Хожбаудиевич , 0.0 , 
http://lod.ifmo.ru/resource/Person101556 , Вейко Вадим Павлович , 0.0 , 
http://lod.ifmo.ru/resource/Person130125 , Косухин Сергей Сергеевич , 0.0 , 
http://lod.ifmo.ru/resource/Person165081 , Скворцова Наталья Николаевна , 0.0 , 
http://lod.ifmo.ru/resource/Person134724 , Ширшнев Павел Сергеевич , 0.0 , 
http://lod.ifmo.ru/resource/Person188082 , Заславский Аркадий Борисович , 0.0 , 
http://lod.ifmo.ru/resource/Person159413 , Поддубный Александр Никитич , 0.0 , 
http://lod.ifmo.ru/resource/Person165433 , Кондратьева Нина Евгеньевна , 0.0 , 
http://lod.ifmo.ru/resource/Person189420 , Гапоненко Сергей Васильевич , 0.0 , 
http://lod.ifmo.ru/resource/Person127730 , Свешникова Елена Борисовна , 0.0 , 
http://lod.ifmo.ru/resource/Person100420 , Беззубик Виталий Вениаминович , 0.0 , 
http://lod.ifmo.ru/resource/Person153692 , Ягупов Илья Валерьевич , 0.0 , 
http://lod.ifmo.ru/resource/Person188900 , Попрядухин Павел Васильевич , 0.0 , 
http://lod.ifmo.ru/resource/Person149063 , Маргун Алексей Анатольевич , 0.0 , 
http://lod.ifmo.ru/resource/Person106016 , Лисицына Любовь Сергеевна , 0.0 , 
http://lod.ifmo.ru/resource/Person159161 , Кившар Юрий Семенович , 0.0 , 
http://lod.ifmo.ru/resource/Person115337 , Слита Ольга Валерьевна , 0.0 , 
http://lod.ifmo.ru/resource/Person186398 , Ясинский Дмитрий Владимирович , 0.0 , 
http://lod.ifmo.ru/resource/Person118340 , Чертов Александр Николаевич , 0.0 , 
http://lod.ifmo.ru/resource/Person127950 , Ефимов Денис Валентинович , 0.0 , 
http://lod.ifmo.ru/resource/Person165946 , Терновской Григорий Валерьевич , 0.0 , 
http://lod.ifmo.ru/resource/Person146120 , Пигасов Никита Юрьевич , 0.0 , 
http://lod.ifmo.ru/resource/Person104080 , Лямин Андрей Владимирович , 0.0 , 
http://lod.ifmo.ru/resource/Person153940 , Левина Алла Борисовна , 0.0 , 
http://lod.ifmo.ru/resource/Person139709 , Шамрай Александр Валерьевич , 0.0 , 
http://lod.ifmo.ru/resource/Person190019 , Хаттатов Борис Вячеславович , 0.0 , 
http://lod.ifmo.ru/resource/Person154568 , Тарасов Борис Петрович , 0.0 , 
http://lod.ifmo.ru/resource/Person188541 , Короблева Ольга Николаевна , 0.0 , 
http://lod.ifmo.ru/resource/Person148704 , Громов Владислав Сергеевич , 0.0 , 
http://lod.ifmo.ru/resource/Person186301 , Корытько Елена Ивановна , 0.0 , 
http://lod.ifmo.ru/resource/Person180856 , Князев Сергей Николаевич , 0.0 , 
http://lod.ifmo.ru/resource/Person186060 , Шмелева Ирина Александровна , 0.0 , 
http://lod.ifmo.ru/resource/Person145832 , Конев Леонид Сергеевич , 0.0 , 
http://lod.ifmo.ru/resource/Person190200 , Котенко Игорь Витальевич , 0.0 , 
http://lod.ifmo.ru/resource/Person166045 , Куприна Елена Эдуардовна , 0.0 , 
http://lod.ifmo.ru/resource/Person159637 , Пахмутова Мария Евгеньевна , 0.0 , 
http://lod.ifmo.ru/resource/Person144229 , Зудина Ирина Сергеевна , 0.0 , 
http://lod.ifmo.ru/resource/Person178347 , Власов Дмитрий Васильевич , 0.0 , 
http://lod.ifmo.ru/resource/Person191628 , Баранов Дмитрий Алексеевич , 0.0 , 
http://lod.ifmo.ru/resource/Person148547 , Белопольский Роман Владимирович , 0.0 , 
http://lod.ifmo.ru/resource/Person189562 , Кашевник Алексей Михайлович , 0.0 , 
http://lod.ifmo.ru/resource/Person175594 , Пшенай-Северин Дмитрий Александрович , 0.0 , 
http://lod.ifmo.ru/resource/Person104489 , Маргарянц Никита Борисович , 0.0 , 
http://lod.ifmo.ru/resource/Person142790 , Турков Вадим Константинович , 0.0 , 
http://lod.ifmo.ru/resource/Person183379 , Самойлова Анна Петровна , 0.0 , 
http://lod.ifmo.ru/resource/Person126736 , Скшидлевский Антон Алексеевич , 0.0 , 
http://lod.ifmo.ru/resource/Person188779 , Фильченков Андрей Александрович , 0.0 , 
http://lod.ifmo.ru/resource/Person159777 , Носков Роман Евгеньевич , 0.0 , 
http://lod.ifmo.ru/resource/Person146933 , Рогозин Александр Владимирович , 0.0 , 
http://lod.ifmo.ru/resource/Person186331 , Ковригина Любовь Юрьевна , 0.0 , 
http://lod.ifmo.ru/resource/Person190280 , Боголюбов Николай Михайлович , 0.0 , 
http://lod.ifmo.ru/resource/Person166459 , Черноозерский Владимир Александрович , 0.0 , 
http://lod.ifmo.ru/resource/Person172161 , Пермяков Дмитрий Вадимович , 0.0 , 
http://lod.ifmo.ru/resource/Person188129 , Булат Надежда Михайловна , 0.0 , 
http://lod.ifmo.ru/resource/Person134711 , Шекланова Елизавета Борисовна , 0.0 , 
http://lod.ifmo.ru/resource/Person175686 , Левит Георгий Семенович , 0.0 , 
http://lod.ifmo.ru/resource/Person114107 , Жданов Иван Николаевич , 0.0 , 
http://lod.ifmo.ru/resource/Person165035 , Верболоз Елена Игоревна , 0.0 , 
http://lod.ifmo.ru/resource/Person173167 , Черный Евгений Викторович , 0.0 , 
http://lod.ifmo.ru/resource/Person113600 , Смолянская Ольга Алексеевна , 0.0 , 
http://lod.ifmo.ru/resource/Person164546 , Зайцев Андрей Викторович , 0.0 , 
http://lod.ifmo.ru/resource/Person181772 , Ковалев Антон Владимирович , 0.0 , 
http://lod.ifmo.ru/resource/Person173275 , Терехов Денис Михайлович , 0.0 , 
http://lod.ifmo.ru/resource/Person147308 , Арустамов Сергей Аркадьевич , 0.0 , 
http://lod.ifmo.ru/resource/Person186350 , Кравценюк Ольга Вячеславовна , 0.0 , 
http://lod.ifmo.ru/resource/Person118479 , Трифанова Екатерина Станиславовна , 0.0 , 
http://lod.ifmo.ru/resource/Person146244 , Сергушичев Алексей Александрович , 0.0 , 
http://lod.ifmo.ru/resource/Person101675 , Парфенов Владимир Глебович , 0.0 , 
http://lod.ifmo.ru/resource/Person140344 , Рождественский Юрий Владимирович , 0.0 , 
http://lod.ifmo.ru/resource/Person100901 , Цуканова Галина Ивановна , 0.0 , 
http://lod.ifmo.ru/resource/Person164454 , Игнатьева Юлия Андреевна , 0.0 , 
http://lod.ifmo.ru/resource/Person153738 , Белова Алена Игоревна , 0.0 , 
http://lod.ifmo.ru/resource/Person175252 , Мынбаев Карим Джафарович , 0.0 , 
http://lod.ifmo.ru/resource/Person125653 , Безгодов Алексей Алексеевич , 0.0 , 
http://lod.ifmo.ru/resource/Person119227 , Демидова Галина Львовна , 0.0 , 
http://lod.ifmo.ru/resource/Person156940 , Крышковец Егор Владимирович , 0.0 , 
http://lod.ifmo.ru/resource/Person154087 , Князьков Константин Валерьевич , 0.0 , 
http://lod.ifmo.ru/resource/Person105977 , Хоружников Сергей Эдуардович , 0.0 , 
http://lod.ifmo.ru/resource/Person185669 , Никельбург Евгений Максимович , 0.0 , 
http://lod.ifmo.ru/resource/Person100890 , Лившиц Ирина Леонидовна , 0.0 , 
http://lod.ifmo.ru/resource/Person159359 , Кучук Ирина Сергеевна , 0.0 , 
http://lod.ifmo.ru/resource/Person165307 , Иголкин Алексей Федорович , 0.0 , 
http://lod.ifmo.ru/resource/Person183680 , Моисеев Александр Павлович , 0.0 , 
http://lod.ifmo.ru/resource/Person129552 , Гавриш Екатерина Олеговна , 0.0 , 
http://lod.ifmo.ru/resource/Person100494 , Лукьянов Геннадий Николаевич , 0.0 , 
http://lod.ifmo.ru/resource/Person102090 , Ярышев Сергей Николаевич , 0.0 , 
http://lod.ifmo.ru/resource/Person165094 , Василенок Виктор Леонидович , 0.0 , 
http://lod.ifmo.ru/resource/Person177769 , Шалин Александр Сергеевич , 0.0 , 
http://lod.ifmo.ru/resource/Person100004 , Бушуев Александр Борисович , 0.0 , 
http://lod.ifmo.ru/resource/Person179785 , Исаева Анна Андреевна , 0.0 , 
http://lod.ifmo.ru/resource/Person149845 , Косенков Андрей Григорьевич , 0.0 , 
http://lod.ifmo.ru/resource/Person189909 , Белявский Павел Юрьевич , 0.0 , 
http://lod.ifmo.ru/resource/Person142756 , Балбекин Николай Сергеевич , 0.0 , 
http://lod.ifmo.ru/resource/Person125608 , Пыркин Антон Александрович , 0.0 , 
http://lod.ifmo.ru/resource/Person185987 , Миксюк Арина Александровна , 0.0 , 
http://lod.ifmo.ru/resource/Person153314 , Милин Василий Александрович , 0.0 , 
http://lod.ifmo.ru/resource/Person101571 , Костюк Галина Кирилловна , 0.0 , 
http://lod.ifmo.ru/resource/Person190880 , Камолова Мехрубон Джамолхоновна , 0.0 , 
http://lod.ifmo.ru/resource/Person198366 , Граничин Олег Николаевич , 0.0 , 
http://lod.ifmo.ru/resource/Person160554 , Пузырев Данила Никитич , 0.0 , 
http://lod.ifmo.ru/resource/Person152846 , Вишератина Анастасия Константиновна , 0.0 , 
http://lod.ifmo.ru/resource/Person119180 , Блинников Андрей Алексеевич , 0.0 , 
http://lod.ifmo.ru/resource/Person138316 , Собещук Нина Олеговна , 0.0 , 
http://lod.ifmo.ru/resource/Person102234 , Гуров Игорь Петрович , 0.0 , 
http://lod.ifmo.ru/resource/Person188859 , Величко Алексей Михайлович , 0.0 , 
http://lod.ifmo.ru/resource/Person165052 , Забодалова Людмила Александровна , 0.0 , 
http://lod.ifmo.ru/resource/Person154253 , Слободянюк Вера Евгеньевна , 0.0 , 
http://lod.ifmo.ru/resource/Person142778 , Литвин Александр Петрович , 0.0 , 
http://lod.ifmo.ru/resource/Person165484 , Ромашкина Людмила Борисовна , 0.0 , 
http://lod.ifmo.ru/resource/Person154981 , Миморов Илья Викторович , 0.0 , 
http://lod.ifmo.ru/resource/Person137999 , Бондарев Михаил Александрович , 0.0 , 
http://lod.ifmo.ru/resource/Person140057 , Левицкий Руслан Сергеевич , 0.0 , 
http://lod.ifmo.ru/resource/Person165883 , Яковченко Наталья Владимировна , 0.0 , 
http://lod.ifmo.ru/resource/Person186920 , Павлишин Игорь Витальевич , 0.0 , 
http://lod.ifmo.ru/resource/Person152863 , Бужинский Игорь Петрович , 0.0 , 
http://lod.ifmo.ru/resource/Person121056 , Спивак Антон Игоревич , 0.0 , 
http://lod.ifmo.ru/resource/Person142379 , Моторин Андрей Владимирович , 0.0 , 
http://lod.ifmo.ru/resource/Person189799 , Хромова Ирина Анатольевна , 0.0 , 
http://lod.ifmo.ru/resource/Person185925 , Вдовин Глеб Валерьевич , 0.0 , 
http://lod.ifmo.ru/resource/Person145978 , Манухин Борис Глебович , 0.0 , 
http://lod.ifmo.ru/resource/Person173353 , Каирканов Арсен Болатович , 0.0 , 
http://lod.ifmo.ru/resource/Person153624 , Будаев Алексей Борисович , 0.0 , 
http://lod.ifmo.ru/resource/Person188862 , Кошаев Дмитрий Анатольевич , 0.0 , 
http://lod.ifmo.ru/resource/Person165756 , Федоров Михаил Иванович , 0.0 , 
http://lod.ifmo.ru/resource/Person185329 , Кораблев Алексей Владимирович , 0.0 , 
http://lod.ifmo.ru/resource/Person189560 , Пономарев Андрей Васильевич , 0.0 , 
http://lod.ifmo.ru/resource/Person165472 , Старков Александр Сергеевич , 0.0 , 
http://lod.ifmo.ru/resource/Person105943 , Немилов Сергей Владимирович , 0.0 , 
http://lod.ifmo.ru/resource/Person186378 , Болгаров Иван Сергеевич , 0.0 , 
http://lod.ifmo.ru/resource/Person153111 , Галкин Михаил Александрович , 0.0 , 
http://lod.ifmo.ru/resource/Person152996 , Хан Вадим Анатольевич , 0.0 , 
http://lod.ifmo.ru/resource/Person190579 , Валиев Руслан Зуфарович , 0.0 , 
http://lod.ifmo.ru/resource/Person132257 , Мартынихин Андрей Васильевич , 0.0 , 
http://lod.ifmo.ru/resource/Person157563 , Корфуненко Сергей Алексеевич , 0.0 , 
http://lod.ifmo.ru/resource/Person103435 , Тропченко Александр Ювенальевич , 0.0 , 
http://lod.ifmo.ru/resource/Person159705 , Гужва Михаил Евгеньевич , 0.0 , 
http://lod.ifmo.ru/resource/Person157165 , Стрепитов Евгений Александрович , 0.0 , 
http://lod.ifmo.ru/resource/Person154460 , Летуновская Марина Валерьевна , 0.0 , 
http://lod.ifmo.ru/resource/Person173505 , Пеховский Тимур Сахиевич , 0.0 , 
http://lod.ifmo.ru/resource/Person144745 , Замула Дмитрий Александрович , 0.0 , 
http://lod.ifmo.ru/resource/Person100193 , Скворцов Альберт Матвеевич , 0.0 , 
http://lod.ifmo.ru/resource/Person100002 , Бойков Владимир Иванович , 0.0 , 
http://lod.ifmo.ru/resource/Person159740 , Лапшина Надежда Сергеевна , 0.0 , 
http://lod.ifmo.ru/resource/Person139520 , Пржибельский Сергей Григорьевич , 0.0 , 
http://lod.ifmo.ru/resource/Person157982 , Боровкова Мария Анатольевна , 0.0 , 
http://lod.ifmo.ru/resource/Person130328 , Цветкова Мадина Хасановна , 0.0 , 
http://lod.ifmo.ru/resource/Person145855 , Косульников Сергей Юрьевич , 0.0 , 
http://lod.ifmo.ru/resource/Person188899 , Добровольская Ирина Петровна , 0.0 , 
http://lod.ifmo.ru/resource/Person165509 , Шлейкин Александр Герасимович , 0.0 , 
http://lod.ifmo.ru/resource/Person178607 , Паланджян Давид Ашотович , 0.0 , 
http://lod.ifmo.ru/resource/Person189901 , Устинов Алексей Борисович , 0.0 , 
http://lod.ifmo.ru/resource/Person134542 , Ситдиков Владимир Масгутович , 0.0 , 
http://lod.ifmo.ru/resource/Person125808 , Старовойтов Антон Андреевич , 0.0 , 
http://lod.ifmo.ru/resource/Person142587 , Миронов Леонид Юрьевич , 0.0 , 
http://lod.ifmo.ru/resource/Person127254 , Денисюк Игорь Юрьевич , 0.0 , 
http://lod.ifmo.ru/resource/Person151453 , Глухов Александр Михайлович , 0.0 , 
http://lod.ifmo.ru/resource/Person130177 , Баля Вера Константиновна , 0.0 , 
http://lod.ifmo.ru/resource/Person127334 , Уздин Валерий Моисеевич , 0.0 , 
http://lod.ifmo.ru/resource/Person189859 , Мустафин Николай Габдрахманович , 0.0 , 
http://lod.ifmo.ru/resource/Person178542 , Буслаев Павел Ильич , 0.0 , 
http://lod.ifmo.ru/resource/Person138002 , Вакулин Дмитрий Александрович , 0.0 , 
http://lod.ifmo.ru/resource/Person189568 , Мавлютов Айдар Марселевич , 0.0 , 
http://lod.ifmo.ru/resource/Person100043 , Дергачев Андрей Михайлович , 0.0 , 
http://lod.ifmo.ru/resource/Person185866 , Неелов Игорь Михайлович , 0.0 , 
http://lod.ifmo.ru/resource/Person189559 , Щекотов Максим Сергеевич , 0.0 , 
http://lod.ifmo.ru/resource/Person159408 , Атращенко Александр Васильевич , 0.0 , 
http://lod.ifmo.ru/resource/Person130657 , Слободов Александр Арсеньевич , 0.0 , 
http://lod.ifmo.ru/resource/Person104861 , Зубок Дмитрий Александрович , 0.0 , 
http://lod.ifmo.ru/resource/Person168168 , Тукмакова Анастасия Сергеевна , 0.0 , 
http://lod.ifmo.ru/resource/Person139537 , Иванова Светлана Эдуардовна , 0.0 , 
http://lod.ifmo.ru/resource/Person138305 , Нурыев Рустам Какабаевич , 0.0 , 
http://lod.ifmo.ru/resource/Person100418 , Храмов Валерий Юрьевич , 0.0 , 
http://lod.ifmo.ru/resource/Person138020 , Гладских Игорь Аркадьевич , 0.0 , 
http://lod.ifmo.ru/resource/Person137919 , Семерханов Илья Александрович , 0.0 , 
http://lod.ifmo.ru/resource/Person189912 , Витько Виталий Валерьевич , 0.0 , 
http://lod.ifmo.ru/resource/Person184850 , Ильина Екатерина Евгеньевна , 0.0 , 
http://lod.ifmo.ru/resource/Person183938 , Пономарёва Ирина Олеговна , 0.0 , 
http://lod.ifmo.ru/resource/Person141935 , Синев Дмитрий Андреевич , 0.0 , 
http://lod.ifmo.ru/resource/Person130422 , Янковская Елизавета Алексеевна , 0.0 , 
http://lod.ifmo.ru/resource/Person145508 , Болотнов Фёдор Владимирович , 0.0 , 
http://lod.ifmo.ru/resource/Person100670 , Стафеев Сергей Константинович , 0.0 , 
http://lod.ifmo.ru/resource/Person168482 , Кузнецова Людмила Михайловна , 0.0 , 
http://lod.ifmo.ru/resource/Person151149 , Галин Ильдар Фирдависович , 0.0 , 
http://lod.ifmo.ru/resource/Person142062 , Дёмичев Иван Алексеевич , 0.0 , 
http://lod.ifmo.ru/resource/Person169759 , Боченина Клавдия Олеговна , 0.0 , 
http://lod.ifmo.ru/resource/Person100010 , Котельников Юрий Петрович , 0.0 , 
http://lod.ifmo.ru/resource/Person173305 , Маркович Дмитрий Леонидович , 0.0 , 
http://lod.ifmo.ru/resource/Person189907 , Черкасский Михаил Анатольевич , 0.0 , 
http://lod.ifmo.ru/resource/Person148649 , Ворошилов Павел Михайлович , 0.0 , 
http://lod.ifmo.ru/resource/Person153951 , Мак Андрей Артурович , 0.0 , 
http://lod.ifmo.ru/resource/Person165227 , Пахомов Олег Всеволодович , 0.0 , 
http://lod.ifmo.ru/resource/Person157052 , Седых Егор Александрович , 0.0 , 
http://lod.ifmo.ru/resource/Person146420 , Чивилихин Даниил Сергеевич , 0.0 , 
http://lod.ifmo.ru/resource/Person183924 , Иванько Денис Викторович , 0.0 , 
http://lod.ifmo.ru/resource/Person199209 , Кустов Сергей Борисович , 0.0 , 
http://lod.ifmo.ru/resource/Person145573 , Власов Сергей Михайлович , 0.0 , 
http://lod.ifmo.ru/resource/Person138974 , Стригалев Владимир Евгеньевич , 0.0 , 
http://lod.ifmo.ru/resource/Person186379 , Волобуева Анастасия Дмитриевна , 0.0 , 
http://lod.ifmo.ru/resource/Person186354 , Бурков Александр Трофимович , 0.0 , 
http://lod.ifmo.ru/resource/Person158710 , Сергиенко Ольга Ивановна , 0.0 , 
http://lod.ifmo.ru/resource/Person184838 , Ильина Тамара Евгеньевна , 0.0 , 
http://lod.ifmo.ru/resource/Person130346 , Киреева Анастасия Викторовна , 0.0 , 
http://lod.ifmo.ru/resource/Person183433 , Щербинин Дмитрий Павлович , 0.0 , 
http://lod.ifmo.ru/resource/Person145348 , Колчин Максим Александрович , 0.0 , 
http://lod.ifmo.ru/resource/Person118515 , Губернаторов Евгений Викторович , 0.0 , 
http://lod.ifmo.ru/resource/Person148882 , Клещенок Максим Андреевич , 0.0 , 
http://lod.ifmo.ru/resource/Person159101 , Самусев Кирилл Борисович , 0.0 , 
http://lod.ifmo.ru/resource/Person186219 , Кац Филипп Борисович , 0.0 , 
http://lod.ifmo.ru/resource/Person157114 , Ведерников Николай Викторович , 0.0 , 
http://lod.ifmo.ru/resource/Person191076 , Шаповалова Ольга Евгеньевна , 0.0 , 
http://lod.ifmo.ru/resource/Person168462 , Бугров Владислав Евгеньевич , 0.0 , 
http://lod.ifmo.ru/resource/Person154744 , Самохвалов Андрей Александрович , 0.0 , 
http://lod.ifmo.ru/resource/Person159153 , Калюжная Анна Владимировна , 0.0 , 
http://lod.ifmo.ru/resource/Person159537 , Синев Иван Сергеевич , 0.0 , 
http://lod.ifmo.ru/resource/Person139476 , Ткачук Александра Михайловна , 0.0 , 
http://lod.ifmo.ru/resource/Person165023 , Арет Вальдур Аулисович , 0.0 , 
http://lod.ifmo.ru/resource/Person101975 , Гагарский Сергей Валерьевич , 0.0 , 
http://lod.ifmo.ru/resource/Person186228 , Финогенов Антон Владимирович , 0.0 , 
http://lod.ifmo.ru/resource/Person152864 , Буланова Нина Сергеевна , 0.0 , 
http://lod.ifmo.ru/resource/Person153496 , Хаустова Юлия Викторовна , 0.0 , 
http://lod.ifmo.ru/resource/Person132498 , Баранов Александр Васильевич , 0.0 , 
http://lod.ifmo.ru/resource/Person149365 , Сметанников Иван Борисович , 0.0 , 
http://lod.ifmo.ru/resource/Person166019 , Кипрушкина Елена Ивановна , 0.0 , 
http://lod.ifmo.ru/resource/Person154584 , Рыжова Виктория Александровна , 0.0 , 
http://lod.ifmo.ru/resource/Person140100 , Рухленко Иван Дмитриевич , 0.0 , 
http://lod.ifmo.ru/resource/Person142415 , Пенской Александр Владимирович , 0.0 , 
http://lod.ifmo.ru/resource/Person152414 , Зикратов Игорь Алексеевич , 0.0 , 
http://lod.ifmo.ru/resource/Person105843 , Штенников Дмитрий Геннадьевич , 0.0 , 
http://lod.ifmo.ru/resource/Person188544 , Юсупов Рафаэль Мидхатович , 0.0 , 
http://lod.ifmo.ru/resource/Person105940 , Ефимов Андрей Маркович , 0.0 , 
http://lod.ifmo.ru/resource/Person183563 , Заковряшин Алексей Сергеевич , 0.0 , 
http://lod.ifmo.ru/resource/Person186303 , Орешкин Анатолий Алексеевич , 0.0 , 
http://lod.ifmo.ru/resource/Person133976 , Ефимчик Евгений Александрович , 0.0 , 
http://lod.ifmo.ru/resource/Person186364 , Кирсанов Дмитрий Олегович , 0.0 , 
http://lod.ifmo.ru/resource/Person186357 , Хайдукова Мария Михайловна , 0.0 , 
http://lod.ifmo.ru/resource/Person138384 , Малаховски Ян Михайлович , 0.0 , 
http://lod.ifmo.ru/resource/Person186351 , Кураш Ольга Александровна , 0.0 , 
http://lod.ifmo.ru/resource/Person147495 , Спельников Дмитрий Михайлович , 0.0 , 
http://lod.ifmo.ru/resource/Person183412 , Жумашев Нариман Кульбаевич , 0.0 , 
http://lod.ifmo.ru/resource/Person186360 , Булат Павел Викторович , 0.0 , 
http://lod.ifmo.ru/resource/Person186359 , Комаринский Сергей Леонидович , 0.0 , 
http://lod.ifmo.ru/resource/Person158582 , Белоусова Инна Михайловна , 0.0 , 
http://lod.ifmo.ru/resource/Person159203 , Иорш Иван Владимирович , 0.0 , 
http://lod.ifmo.ru/resource/Person149330 , Сгибнев Евгений Михайлович , 0.0 , 
http://lod.ifmo.ru/resource/Person140089 , Рыбин Андрей Владимирович , 0.0 , 
http://lod.ifmo.ru/resource/Person183460 , Романенко Алексей Николаевич , 0.0 , 
http://lod.ifmo.ru/resource/Person142786 , Павловец Илья Михайлович , 0.0 , 
http://lod.ifmo.ru/resource/Person159056 , Колобкова Елена Вячеславовна , 0.0 , 
http://lod.ifmo.ru/resource/Person145686 , Езерская Анна Александровна , 0.0 , 
http://lod.ifmo.ru/resource/Person178143 , Кузнецова Ольга Сергеевна , 0.0 , 
http://lod.ifmo.ru/resource/Person190179 , Комиссаров Александр Владимирович , 0.0 , 
http://lod.ifmo.ru/resource/Person105954 , Евстифеев Михаил Илларионович , 0.0 , 
http://lod.ifmo.ru/resource/Person186369 , Джагацпанян Игорь Эдуардович , 0.0 , 
http://lod.ifmo.ru/resource/Person110916 , Филатов Антон Александрович , 0.0 , 
http://lod.ifmo.ru/resource/Person184880 , Бутаков Николай Алексеевич , 0.0 , 
http://lod.ifmo.ru/resource/Person159505 , Гришканич Александр Сергеевич , 0.0 , 
http://lod.ifmo.ru/resource/Person142383 , Ведяков Алексей Алексеевич , 0.0 , 
http://lod.ifmo.ru/resource/Person189920 , Хараузов Алексей Кольмарович , 0.0 , 
http://lod.ifmo.ru/resource/Person149563 , Щелокова Алёна Вадимовна , 0.0 , 
http://lod.ifmo.ru/resource/Person149219 , Пичугина Марина Олеговна , 0.0 , 
http://lod.ifmo.ru/resource/Person165724 , Асач Алексей Владимирович , 0.0 , 
http://lod.ifmo.ru/resource/Person137944 , Тушев Сергей Александрович , 0.0 , 
http://lod.ifmo.ru/resource/Person186367 , Легин Евгений Андреевич , 0.0 , 
http://lod.ifmo.ru/resource/Person100546 , Мешковский Игорь Касьянович , 0.0 , 
http://lod.ifmo.ru/resource/Person184844 , Барышникова Ксения Владимировна , 0.0 , 
http://lod.ifmo.ru/resource/Person113526 , Волкова Мария Анатольевна , 0.0 , 
http://lod.ifmo.ru/resource/Person148756 , Дубровин Виктор Дмитриевич , 0.0 , 
http://lod.ifmo.ru/resource/Person105905 , Шахно Елена Аркадьевна , 0.0 , 
http://lod.ifmo.ru/resource/Person157436 , Кротков Павел Андреевич , 0.0 , 
http://lod.ifmo.ru/resource/Person159045 , Жук Дмитрий Иванович , 0.0 , 
http://lod.ifmo.ru/resource/Person134107 , Колюбин Сергей Алексеевич , 0.0 , 
http://lod.ifmo.ru/resource/Person165160 , Меледина Татьяна Викторовна , 0.0 , 
http://lod.ifmo.ru/resource/Person165078 , Бландов Александр Николаевич , 0.0 , 
http://lod.ifmo.ru/resource/Person178142 , Дацук Мария Александровна , 0.0 , 
http://lod.ifmo.ru/resource/Person165113 , Антипкин Сергей Михайлович , 0.0 , 
http://lod.ifmo.ru/resource/Person181875 , Есин Дмитрий Владимирович , 0.0 , 
http://lod.ifmo.ru/resource/Person125799 , Егоров Алексей Вадимович , 0.0 , 
http://lod.ifmo.ru/resource/Person125876 , Трифанов Александр Игоревич , 0.0 , 
http://lod.ifmo.ru/resource/Person159618 , Кржижановская Валерия Владимировна , 0.0 , 
http://lod.ifmo.ru/resource/Person153406 , Лесик Мария Дмитриевна , 0.0 , 
http://lod.ifmo.ru/resource/Person183772 , Безбородов Лев Антонович , 0.0 , 
http://lod.ifmo.ru/resource/Person100575 , Томасов Валентин Сергеевич , 0.0 , 
http://lod.ifmo.ru/resource/Person130104 , Царев Федор Николаевич , 0.0 , 
http://lod.ifmo.ru/resource/Person165214 , Куцакова Валентина Еремеевна , 0.0 , 
http://lod.ifmo.ru/resource/Person159534 , Рыбин Михаил Валерьевич , 0.0 , 
http://lod.ifmo.ru/resource/Person100409 , Белашенков Николай Романович , 0.0 , 
http://lod.ifmo.ru/resource/Person189910 , Плотников Виктор Валерьевич , 0.0 , 
http://lod.ifmo.ru/resource/Person175702 , Тамазян Гайк Симакович , 0.0 , 
http://lod.ifmo.ru/resource/Person105942 , Никоноров Николай Валентинович , 0.0 , 
http://lod.ifmo.ru/resource/Person165264 , Макарченко Марина Арнольдовна , 0.0 , 
http://lod.ifmo.ru/resource/Person186721 , Викторов Евгений Анатольевич , 0.0 , 
http://lod.ifmo.ru/resource/Person183458 , Пиль Сергей Юрьевич , 0.0 , 
http://lod.ifmo.ru/resource/Person163049 , Столбов Михаил Борисович , 0.0 , 
http://lod.ifmo.ru/resource/Person114568 , Маятин Александр Владимирович , 0.0 , 
http://lod.ifmo.ru/resource/Person144151 , Колычев Петр Михайлович , 0.0 , 
http://lod.ifmo.ru/resource/Person119629 , Фокина Мария Ивановна , 0.0 , 
http://lod.ifmo.ru/resource/Person178354 , Львов Александр Александрович , 0.0 , 
http://lod.ifmo.ru/resource/Person153635 , Клюкин Дмитрий Александрович , 0.0 , 
http://lod.ifmo.ru/resource/Person100354 , Коняхин Игорь Алексеевич , 0.0 , 
http://lod.ifmo.ru/resource/Person175250 , Одноблюдов Максим Анатольевич , 0.0 , 
http://lod.ifmo.ru/resource/Person159611 , Капитанова Полина Вячеславовна , 0.0 , 
http://lod.ifmo.ru/resource/Person185674 , Стовпяга Екатерина Юрьевна , 0.0 , 
http://lod.ifmo.ru/resource/Person157595 , Гурвиц Егор Андреевич , 0.0 , 
http://lod.ifmo.ru/resource/Person139848 , Бухановский Александр Валерьевич , 0.0 , 
http://lod.ifmo.ru/resource/Person154830 , Торопов Никита Александрович , 0.0 , 
http://lod.ifmo.ru/resource/Person105915 , Чирцов Александр Сергеевич , 0.0 , 
http://lod.ifmo.ru/resource/Person136016 , Старосельцев Леонид Петрович , 0.0 , 
http://lod.ifmo.ru/resource/Person145810 , Козлов Федор Алексеевич , 0.0 , 
http://lod.ifmo.ru/resource/Person189440 , Lipsanen Harri Kalevi , 0.0 , 
http://lod.ifmo.ru/resource/Person142121 , Гук Игорь Владимирович , 0.0 , 
http://lod.ifmo.ru/resource/Person183668 , Чуйкина Нина Витальевна , 0.0 , 
http://lod.ifmo.ru/resource/Person168361 , Шершенков Борис Сергеевич , 0.0 , 
http://lod.ifmo.ru/resource/Person186180 , Кухарев Георгий Александрович , 0.0 , 
http://lod.ifmo.ru/resource/Person142128 , Игнатьев Дмитрий Александрович , 0.0 , 
http://lod.ifmo.ru/resource/Person151044 , Масловский Станислав Игоревич , 0.0 , 
http://lod.ifmo.ru/resource/Person159535 , Шишкин Иван Иванович , 0.0 , 
http://lod.ifmo.ru/resource/Person148634 , Вихарев Алексей Константинович , 0.0 , 
http://lod.ifmo.ru/resource/Person168289 , Цупка Сергей Александрович , 0.0 , 
http://lod.ifmo.ru/resource/Person165960 , Полатайко Сергей Васильевич , 0.0 , 
http://lod.ifmo.ru/resource/Person148668 , Глазачева Екатерина Николаевна , 0.0 , 
http://lod.ifmo.ru/resource/Person188543 , Шелепин Юрий Евгеньевич , 0.0 , 
http://lod.ifmo.ru/resource/Person199487 , Буй Минь Туан , 0.0 , 
http://lod.ifmo.ru/resource/Person188360 , Спек Джеймс С. , 0.0 , 
http://lod.ifmo.ru/resource/Person158986 , Чуров Тимофей Николаевич , 0.0 , 
http://lod.ifmo.ru/resource/Person171457 , Еськов Андрей Владимирович , 0.0 , 
http://lod.ifmo.ru/resource/Person188540 , Калиникос Борис Антонович , 0.0 , 
http://lod.ifmo.ru/resource/Person178071 , Шевель Андрей Евгеньевич , 0.0 , 
